Pagina_QR,Spotify_URI,Info_Canco
1,https://www.youtube.com/watch?v=KjLmEJl5YqM,Matador | 1993
1,https://www.youtube.com/watch?v=fR7a_2Tc1hY,Gasolina | 2004
1,https://www.youtube.com/watch?v=2gsmZ-UZAA4,No detectat
1,https://www.youtube.com/watch?v=Cx5ENAFTLZg,No detectat
1,https://www.youtube.com/watch?v=smfo5w7sKMY,No detectat
1,https://www.youtube.com/watch?v=2uQhdDtdXg0,No detectat
1,https://www.youtube.com/watch?v=T_FkEw27XJ0,No detectat
1,https://www.youtube.com/watch?v=pjPA7CXutDw,No detectat
1,https://www.youtube.com/watch?v=v0ckuv1xBm0,No detectat
1,https://www.youtube.com/watch?v=OhXeBoTlCr4,No detectat
1,https://www.youtube.com/watch?v=CCF1_jI8Prk,No detectat
1,https://www.youtube.com/watch?v=kRt2sRyup6A,No detectat
3,https://www.youtube.com/watch?v=Dsp_8Lm1eSk,Despacito | 2017
3,https://www.youtube.com/watch?v=vXtJkDHEAAc,by Shakira ft. | Alejandro Sanz
3,https://www.youtube.com/watch?v=kJQP7kiw5Fk,Bailando | 2014
3,https://www.youtube.com/watch?v=wnJ6LuUFpMo,Mi Gente | 2017
3,https://www.youtube.com/watch?v=Rht7rBHuXW8,by Enrique Iglesias | ft. Gente de Zona &
3,https://www.youtube.com/watch?v=Cr8K88UcO0s,La Moto | 1966
3,https://www.youtube.com/watch?v=iC42OqjRF3M,"La, la, la | 1968"
3,https://www.youtube.com/watch?v=fu-ec0pakak,de Amor | 1978
3,https://www.youtube.com/watch?v=JhPAZOwEY0I,No detectat
3,https://www.youtube.com/watch?v=0xyfnlWs9QA,No detectat
3,https://www.youtube.com/watch?v=7XAUNqTOQx8,No detectat
5,https://www.youtube.com/watch?v=Dp66FOQBJu4,Linda | 1978
5,https://www.youtube.com/watch?v=61m4LHQd5MI,Salta!!! | 1994
5,https://www.youtube.com/watch?v=6IPL5C3eaBY,Chica | 1985
5,https://www.youtube.com/watch?v=OwGG5fX7bxY,Princesa | 1985
5,https://www.youtube.com/watch?v=zzIOxHIZEis,No detectat
5,https://www.youtube.com/watch?v=LyCQvyrZzW0,No detectat
5,https://www.youtube.com/watch?v=Rm-yZGvcf2U,No detectat
5,https://www.youtube.com/watch?v=PmOsNNzYU8Y,No detectat
5,https://www.youtube.com/watch?v=HEqbfhGVI-s,No detectat
5,https://www.youtube.com/watch?v=ZMUqIoDtSwc,No detectat
5,https://www.youtube.com/watch?v=fBrX8ym3dBM,No detectat
5,https://www.youtube.com/watch?v=n8F55puGHIs,No detectat
7,https://www.youtube.com/watch?v=B3gbisdtJnA,La Flaca | 1996
7,https://www.youtube.com/watch?v=r2g0pM3PMNQ,Rosas | 2000
7,https://www.youtube.com/watch?v=kIr8hsVTCzg,Ave María | 2002
7,https://www.youtube.com/watch?v=CRBincBc_8k,Me Voy | 2006
7,https://www.youtube.com/watch?v=FCpPCMHKvSE,Malo | 2004
7,https://www.youtube.com/watch?v=kMIaYXxLnUA,Zapatillas | 2005
7,https://www.youtube.com/watch?v=nYnLVWXmRm8,No detectat
7,https://www.youtube.com/watch?v=gra-sIV1n4U,No detectat
7,https://www.youtube.com/watch?v=wECwsE4yNSQ,No detectat
7,https://www.youtube.com/watch?v=y8rBC6GCUjg,No detectat
7,https://www.youtube.com/watch?v=90GqAf3zJ8s,No detectat
7,https://www.youtube.com/watch?v=nHxam-MQg-o,No detectat
9,https://www.youtube.com/watch?v=GuZzuQvv7uc,Torero | 2002
9,https://www.youtube.com/watch?v=acEOASYioGY,Callaíta | 2019
9,https://www.youtube.com/watch?v=t_jHrUE5IOk,Tusa | 2019
9,https://www.youtube.com/watch?v=kkx-7fsiWgg,Sofia | 2016
9,https://www.youtube.com/watch?v=tbneQDc2H3I,Mejor | 1966
9,https://www.youtube.com/watch?v=KWGrPNqz4uc,No detectat
9,https://www.youtube.com/watch?v=ZlFri4ez_lE,No detectat
9,https://www.youtube.com/watch?v=qaZ0oAh4evU,No detectat
9,https://www.youtube.com/watch?v=BUKHMGiW_rY,No detectat
9,https://www.youtube.com/watch?v=BEhWMJ_WUJU,No detectat
9,https://www.youtube.com/watch?v=p5iqf86qLZA,No detectat
11,https://www.youtube.com/watch?v=2pRmTJjBr6c,by La Maravillosa | Orquesta del Alcohol
11,https://www.youtube.com/watch?v=vvitGvSA1EI,by Parálisis | Permanente
11,https://www.youtube.com/watch?v=2ZK5zNkFgXc,Salve | 1984
11,https://www.youtube.com/watch?v=SzimletXB7M,diversión | 1983
11,https://www.youtube.com/watch?v=1D3tSv9LQlE,No detectat
11,https://www.youtube.com/watch?v=GxQjx7FkmNA,No detectat
11,https://www.youtube.com/watch?v=4LEF7m8Ed8U,No detectat
11,https://www.youtube.com/watch?v=guzh1l71iAE,No detectat
11,https://www.youtube.com/watch?v=w5-vUavzD8A,No detectat
11,https://www.youtube.com/watch?v=bv9-aB0dZgc,No detectat
11,https://www.youtube.com/watch?v=m1dawpzSKrE,No detectat
11,https://www.youtube.com/watch?v=Rkw70Xu6PzY,No detectat
13,https://www.youtube.com/watch?v=X8yLE3p9PgQ,tumba | 1985
13,https://www.youtube.com/watch?v=9oO5P2bDIwQ,Vicio | 1993
13,https://www.youtube.com/watch?v=oqs3R4UYZsE,La Bomba | 2000
13,https://www.youtube.com/watch?v=nIntgOcWsJg,Mayonesa | 2001
13,https://www.youtube.com/watch?v=VYDJG5crT5w,Aserejé | 2002
13,https://www.youtube.com/watch?v=WCQuf90qf9U,No detectat
13,https://www.youtube.com/watch?v=T6NhuWYnxW0,No detectat
13,https://www.youtube.com/watch?v=arZZw8NyPq8,No detectat
13,https://www.youtube.com/watch?v=p-9CMPBaE14,No detectat
13,https://www.youtube.com/watch?v=zWaymcVmJ-A,No detectat
13,https://www.youtube.com/watch?v=HDlhXdJT3dg,No detectat
13,https://www.youtube.com/watch?v=BUCVmOnKDHo,No detectat
15,https://www.youtube.com/watch?v=xvVLWSsKjkI,Ilarié | 1989
15,https://www.youtube.com/watch?v=1XnTh4OEutY,Vol. 52 | 2022
15,https://www.youtube.com/watch?v=nFTfpjmkM5w,Mi Carro | 1969
15,https://www.youtube.com/watch?v=tznBgIGSi98,No detectat
15,https://www.youtube.com/watch?v=NrXTcaG4oso,No detectat
15,https://www.youtube.com/watch?v=cgEnBkmcpuQ,No detectat
15,https://www.youtube.com/watch?v=E8XRN9fpm-0,No detectat
15,https://www.youtube.com/watch?v=A_g3lMcWVy0,No detectat
15,https://www.youtube.com/watch?v=H_0RhPgPeFU,No detectat
15,https://www.youtube.com/watch?v=pcFBt8W847U,No detectat
15,https://www.youtube.com/watch?v=bJrQlti_qT8,No detectat
15,https://www.youtube.com/watch?v=Jaf1yvWb1jw,No detectat
17,https://www.youtube.com/watch?v=ntONnwV1Xh0,Mi Jefe | 2002
17,https://www.youtube.com/watch?v=ID-iJOw9rLo,Depende | 1998
17,https://www.youtube.com/watch?v=q7Z0ts51TNM,Conmigo | 2006
17,https://www.youtube.com/watch?v=y9LlnLTH87U,Viejoven | 2017
17,https://www.youtube.com/watch?v=bqy_zJ5aeMc,del Amor | 1994
17,https://www.youtube.com/watch?v=shfQxWKu9uQ,No detectat
17,https://www.youtube.com/watch?v=sxV0FQvemvI,No detectat
17,https://www.youtube.com/watch?v=pArYQNlAco4,No detectat
17,https://www.youtube.com/watch?v=s3SO1j06oSA,No detectat
17,https://www.youtube.com/watch?v=bKcv-D2YwP0,No detectat
17,https://www.youtube.com/watch?v=L38Z0YNJfCI,No detectat
19,https://www.youtube.com/watch?v=DwjEDNMqVTc,"Así me gusta a mí | (X-Ta Sí, X-Ta No)"
19,https://www.youtube.com/watch?v=-mTri8ySVYM,La Yenka | 1965
19,https://www.youtube.com/watch?v=7xLHpT3rMyQ,Eres Tú | 1973
19,https://www.youtube.com/watch?v=2pRmTJjBr6c,Venezia | 1983
19,https://www.youtube.com/watch?v=DHIRo-0BA6Y,Resistire | 1982
19,https://www.youtube.com/watch?v=i7cEs-1qK5k,Preparate | 1981
19,https://www.youtube.com/watch?v=SC3mJKwrZCE,No detectat
19,https://www.youtube.com/watch?v=jULlUasuxQk,No detectat
19,https://www.youtube.com/watch?v=iPiHKOAMGqk,No detectat
19,https://www.youtube.com/watch?v=PTH3WS_zBGg,No detectat
19,https://www.youtube.com/watch?v=j2W4sAVjK6Y,No detectat
19,https://www.youtube.com/watch?v=rgi3x1T2178,No detectat
21,https://www.youtube.com/watch?v=xiWtqVtd1Oo,Bailando | 1995
21,https://www.youtube.com/watch?v=lTxGto9ADx0,Déjame | 1980
21,https://www.youtube.com/watch?v=ihE74nG8ioc,El Venao | 1995
21,https://www.youtube.com/watch?v=G8yKzRSpT2s,No detectat
21,https://www.youtube.com/watch?v=yR_9e1yo9uU,No detectat
21,https://www.youtube.com/watch?v=Iw-GwOdMVes,No detectat
21,https://www.youtube.com/watch?v=hLjAU4LWCqI,No detectat
21,https://www.youtube.com/watch?v=stYs4VQBbrE,No detectat
21,https://www.youtube.com/watch?v=x3G4VFThbEg,No detectat
21,https://www.youtube.com/watch?v=6BmGWjmtHZA,No detectat
23,https://www.youtube.com/watch?v=Gk8B56qOPm4,Desátame | 1997
23,https://www.youtube.com/watch?v=oApqXiCbqjo,Nunca Debí | Enamorarme
23,https://www.youtube.com/watch?v=WgEJCtsvxOQ,No detectat
23,https://www.youtube.com/watch?v=LxrUkFQHYpg,No detectat
23,https://www.youtube.com/watch?v=jpTOqGZCw10,No detectat
23,https://www.youtube.com/watch?v=hdQ99wLYc2g,No detectat
23,https://www.youtube.com/watch?v=YVU3Kvrlg5Y,No detectat
23,https://www.youtube.com/watch?v=POePrzXBI9Q,No detectat
23,https://www.youtube.com/watch?v=kYnsdmcaPDk,No detectat
23,https://www.youtube.com/watch?v=H-Rj1IYUe0U,No detectat
23,https://www.youtube.com/watch?v=rgoncqoPy7Y,No detectat
23,https://www.youtube.com/watch?v=N-6R0usliNU,No detectat
25,https://www.youtube.com/watch?v=S4ZqO5Zq9QY,vez | 1997
25,https://www.youtube.com/watch?v=wtpTCWF2fjk,Querer | 1994
25,https://www.youtube.com/watch?v=LS04M9Mz26E,No detectat
25,https://www.youtube.com/watch?v=wSCUV7ysBbI,No detectat
25,https://www.youtube.com/watch?v=hptUE57xH74,No detectat
25,https://www.youtube.com/watch?v=rkAf8yPqth0,No detectat
25,https://www.youtube.com/watch?v=U_VcW5XAedE,No detectat
25,https://www.youtube.com/watch?v=eTtt6s27DzY,No detectat
25,https://www.youtube.com/watch?v=7Oqnqy9bfJ8,No detectat
25,https://www.youtube.com/watch?v=95JHOXoXR6M,No detectat
25,https://www.youtube.com/watch?v=-UV0QGLmYys,No detectat
27,https://www.youtube.com/watch?v=ugxR6TElTRE,El Mundo | 2015
27,https://www.youtube.com/watch?v=SA7Y8EM7g44,Mi Héroe | 2015
27,https://www.youtube.com/watch?v=chm79IPVekU,Solo Tú | 2012
27,https://www.youtube.com/watch?v=v0TFfDw_Q6s,Un Bar | 1987
27,https://www.youtube.com/watch?v=W1k_XlnJu1U,Billy Joe | 1989
27,https://www.youtube.com/watch?v=edFNaHedA3U,No detectat
27,https://www.youtube.com/watch?v=Q_j6iSwXCD4,No detectat
27,https://www.youtube.com/watch?v=6mVo3potenk,No detectat
27,https://www.youtube.com/watch?v=F0rwOsAteXM,No detectat
27,https://www.youtube.com/watch?v=q9bnUgMnQeY,No detectat
27,https://www.youtube.com/watch?v=KLPWXIWpCiA,No detectat
27,https://www.youtube.com/watch?v=3KYS_ir9VkY,No detectat
29,https://www.youtube.com/watch?v=mRlX4XegMBU,ascensor | 1988
29,https://www.youtube.com/watch?v=RVUs4CKRF4I,Destino | 2002
29,https://www.youtube.com/watch?v=CivOV2y7KiA,Lo siento | 2018
29,https://www.youtube.com/watch?v=UftowLtrFVc,Eras Tú | 2005
29,https://www.youtube.com/watch?v=XhGOKMtuDfE,No detectat
29,https://www.youtube.com/watch?v=6oIeEpo0vCY,No detectat
29,https://www.youtube.com/watch?v=HPqduBYgUu8,No detectat
29,https://www.youtube.com/watch?v=aYsFb7S8LFc,No detectat
29,https://www.youtube.com/watch?v=M6QPW0l89qs,No detectat
29,https://www.youtube.com/watch?v=E2N6UahtzK4,No detectat
29,https://www.youtube.com/watch?v=ot4jhKgf5MY,No detectat
29,https://www.youtube.com/watch?v=_wzDmQQz2NU,No detectat
31,https://www.youtube.com/watch?v=Ry7Tp-dH9x0,Aprendiz | 1998
31,https://www.youtube.com/watch?v=jdnYH-kGzP4,Besos | 2005
31,https://www.youtube.com/watch?v=hd3EMefTk7w,Princesas | 2005
31,https://www.youtube.com/watch?v=GKlpL4FhzUs,Delgadito | 2001
31,https://www.youtube.com/watch?v=ZaEc1eiHBsw,Años 80 | 2001
31,https://www.youtube.com/watch?v=USlpL-t98_8,No detectat
31,https://www.youtube.com/watch?v=mzSI1oUXYxs,No detectat
31,https://www.youtube.com/watch?v=b81kOviE7EI,No detectat
31,https://www.youtube.com/watch?v=A9UdCLGvjXg,No detectat
31,https://www.youtube.com/watch?v=VMp55KH_3wo,No detectat
31,https://www.youtube.com/watch?v=7C9eB2RVIl0,No detectat
31,https://www.youtube.com/watch?v=Lv7dg4WP_bA,No detectat
33,https://www.youtube.com/watch?v=-zZR1dvuzuo,Moving | 2008
33,https://www.youtube.com/watch?v=adLjbU4zHTg,darte | 2008
33,https://www.youtube.com/watch?v=HLSEhAqxJpU,Obsesión | 2002
33,https://www.youtube.com/watch?v=65qyXoiSGSI,No detectat
33,https://www.youtube.com/watch?v=MGO8U2eb3vQ,No detectat
33,https://www.youtube.com/watch?v=qNEJ5yluDgs,No detectat
33,https://www.youtube.com/watch?v=kZBzFOd9nwI,No detectat
33,https://www.youtube.com/watch?v=rd8ZFtD5rM8,No detectat
33,https://www.youtube.com/watch?v=8_QY5gFQUTg,No detectat
33,https://www.youtube.com/watch?v=6ikznQPMSv0,No detectat
33,https://www.youtube.com/watch?v=BcFArgNS_KU,No detectat
35,https://www.youtube.com/watch?v=29NM6ySmwfQ,Azul | 2001
35,https://www.youtube.com/watch?v=9xEKOO90x54,Te Regalo | 2005
35,https://www.youtube.com/watch?v=0phlktmU6eo,Silencio | 2003
35,https://www.youtube.com/watch?v=C5ybwoGqkPs,Pensao | 2024
35,https://www.youtube.com/watch?v=oie3H4ocMCc,estará | 2006
35,https://www.youtube.com/watch?v=g69lndkT9sQ,No detectat
35,https://www.youtube.com/watch?v=qZ1H-e8Z-LY,No detectat
35,https://www.youtube.com/watch?v=JPdm1AskDfc,No detectat
35,https://www.youtube.com/watch?v=RbRzHhmVR64,No detectat
35,https://www.youtube.com/watch?v=n-zHCwxtpec,No detectat
35,https://www.youtube.com/watch?v=QRDZjj7-tOk,No detectat
35,https://www.youtube.com/watch?v=9TSiXgzi-hk,No detectat
37,https://www.youtube.com/watch?v=I-uwouMzUB4,poco | 2002
37,https://www.youtube.com/watch?v=juNxwa6H3lI,Basura | 2005
37,https://www.youtube.com/watch?v=15bvHHXOFBI,Heroína | 2017
37,https://www.youtube.com/watch?v=8_RWPLfo8Xg,No detectat
37,https://www.youtube.com/watch?v=fsxVo6WqI8w,No detectat
37,https://www.youtube.com/watch?v=4CJwzwOIPAY,No detectat
37,https://www.youtube.com/watch?v=WdZcC0nowBs,No detectat
37,https://www.youtube.com/watch?v=SE4SmL_SWU8,No detectat
37,https://www.youtube.com/watch?v=qMVxdYUu-6I,No detectat
37,https://www.youtube.com/watch?v=rgshBZ4d2jQ,No detectat
37,https://www.youtube.com/watch?v=KvArD74OpFc,No detectat
37,https://www.youtube.com/watch?v=oApqXiCbqjo,No detectat
39,https://www.youtube.com/watch?v=wt1M---Z7ec,Teléfono | 2018
39,https://www.youtube.com/watch?v=bHTfTPIMnaw,Mientes | 2021
39,https://www.youtube.com/watch?v=QFs3PIZb3js,Limbo | 2012
39,https://www.youtube.com/watch?v=aDCcLQto5BM,Tal Vez | 2019
39,https://www.youtube.com/watch?v=_gm5piKnrS4,No detectat
39,https://www.youtube.com/watch?v=Mtau4v6foHA,No detectat
39,https://www.youtube.com/watch?v=xftFxCYQTdk,No detectat
39,https://www.youtube.com/watch?v=6BTjG-dhf5s,No detectat
39,https://www.youtube.com/watch?v=NPpELzyP4rw,No detectat
39,https://www.youtube.com/watch?v=6DRkf3kZMXw,No detectat
39,https://www.youtube.com/watch?v=_KSyWS8UgA4,No detectat
39,https://www.youtube.com/watch?v=9m6ogS57sc8,No detectat
41,https://www.youtube.com/watch?v=5f5eiLOLIpg,Solo Tú | 2013
41,https://www.youtube.com/watch?v=npI4PIO5ij0,Nada | 2022
41,https://www.youtube.com/watch?v=oX0jcZQ16ew,Exótica | 2025
41,https://www.youtube.com/watch?v=J420qbYfIX0,"by Gabry Ponte, | R3HAB, Mougleta"
41,https://www.youtube.com/watch?v=eFN5TSKCuCs,Cantaré | 2025
41,https://www.youtube.com/watch?v=a5Hp4K0PwRQ,No detectat
41,https://www.youtube.com/watch?v=bt-92dlspc4,No detectat
41,https://www.youtube.com/watch?v=Yeke1krzPFM,No detectat
41,https://www.youtube.com/watch?v=CxQX0F_mAT8,No detectat
41,https://www.youtube.com/watch?v=afUaGspU528,No detectat
41,https://www.youtube.com/watch?v=D6k-BKMsfi8,No detectat
41,https://www.youtube.com/watch?v=cgGVF3Nye-k,No detectat
43,https://www.youtube.com/watch?v=52UC6kC-p64,Ay Mamá | 2021
43,https://www.youtube.com/watch?v=sAU-pZCxVMM,Que Sí) | 2018
43,https://www.youtube.com/watch?v=-z9qeALR7j0,Despechá | 2022
43,https://www.youtube.com/watch?v=de6XejD1eyU,corrá | 2006
43,https://www.youtube.com/watch?v=o2tdLOK7-PE,No detectat
43,https://www.youtube.com/watch?v=5g2hT4GmAGU,No detectat
43,https://www.youtube.com/watch?v=p_4coiRG_BI,No detectat
43,https://www.youtube.com/watch?v=5mfvhreMLHs,No detectat
43,https://www.youtube.com/watch?v=ZBHOuRhq82M,No detectat
43,https://www.youtube.com/watch?v=wFiUq2hG03c,No detectat
43,https://www.youtube.com/watch?v=5mKKc2F0GbQ,No detectat
43,https://www.youtube.com/watch?v=1j_dSNUGU-U,No detectat
45,https://www.youtube.com/watch?v=dBiEXEkfGOE,Girasoles | 2017
45,https://www.youtube.com/watch?v=pFJvw5Anb2w,Y Busqué | 2020
45,https://www.youtube.com/watch?v=sjzb5gxaI5Q,Las 12 | 2022
45,https://www.youtube.com/watch?v=-O6WGdkOFOU,Fan de Ti | 2010
45,https://www.youtube.com/watch?v=0228mfBzZEk,No detectat
45,https://www.youtube.com/watch?v=dD-cPmVwIqI,No detectat
45,https://www.youtube.com/watch?v=ZwZfcO3zhg0,No detectat
45,https://www.youtube.com/watch?v=sh2lLZBnrfA,No detectat
45,https://www.youtube.com/watch?v=o3L7U7hjkxo,No detectat
45,https://www.youtube.com/watch?v=WgEJCtsvxOQ,No detectat
45,https://www.youtube.com/watch?v=d21lBEXv6RE,No detectat
47,https://www.youtube.com/watch?v=aoI0kCyhVIg,Ya No | 2015
47,https://www.youtube.com/watch?v=SsweeEB0Eq4,luna | 1992
47,https://www.youtube.com/watch?v=UrBB37IlJiM,No detectat
47,https://www.youtube.com/watch?v=jqDEKHwpOJ0,No detectat
47,https://www.youtube.com/watch?v=_KQPR8lgxsU,No detectat
47,https://www.youtube.com/watch?v=h6OQqNulV5g,No detectat
47,https://www.youtube.com/watch?v=fQZEeoeS36Y,No detectat
47,https://www.youtube.com/watch?v=Pza7rMMaRjw,No detectat
47,https://www.youtube.com/watch?v=kYOpxJRaZB0,No detectat
47,https://www.youtube.com/watch?v=P4EscvBiPpI,No detectat
49,https://www.youtube.com/watch?v=Hh_8zh--OBk,Mi Gente | 2002
49,https://www.youtube.com/watch?v=zUgSX2642os,Cariño | 2021
49,https://www.youtube.com/watch?v=RMRe426ZEpU,Fuego | 2008
49,https://www.youtube.com/watch?v=hVQpuS97xvc,idiota | 2015
49,https://www.youtube.com/watch?v=lBztnahrOFw,No detectat
49,https://www.youtube.com/watch?v=zHAB4SbwmdM,No detectat
49,https://www.youtube.com/watch?v=Cc0HRJxwgXo,No detectat
49,https://www.youtube.com/watch?v=ipXKZyTW7Mc,No detectat
49,https://www.youtube.com/watch?v=EV5mZ4Znjg0,No detectat
49,https://www.youtube.com/watch?v=5iIwl4jqVOw,No detectat
49,https://www.youtube.com/watch?v=9-i3YfmPf7g,No detectat
49,https://www.youtube.com/watch?v=PZdaINzIR4Q,No detectat
51,https://www.youtube.com/watch?v=T0pxqNRkFKA,Cara | 2006
51,https://www.youtube.com/watch?v=6y0GsXrqmuI,Idiotas | 2008
51,https://www.youtube.com/watch?v=AWOy3B3sMtM,Tortugas | 2007
51,https://www.youtube.com/watch?v=0FuW6uVv6p8,Sencilla | 2004
51,https://www.youtube.com/watch?v=Eg49Cs36UHs,Lola | 1988
51,https://www.youtube.com/watch?v=AV3LlZzwr-g,No detectat
51,https://www.youtube.com/watch?v=8G5j5s3d8dU,No detectat
51,https://www.youtube.com/watch?v=d37ivgjC27Y,No detectat
51,https://www.youtube.com/watch?v=irSx_lULJkg,No detectat
51,https://www.youtube.com/watch?v=ipZ06pGsHbQ,No detectat
51,https://www.youtube.com/watch?v=W2v72CID98M,No detectat
53,https://www.youtube.com/watch?v=eWEFU2c3tBI,La Venda | 2019
53,https://www.youtube.com/watch?v=l9KWjZ4rLmE,Amanecer | 2015
53,https://www.youtube.com/watch?v=Qz9gmiLBVFA,Bailao | 2011
53,https://www.youtube.com/watch?v=U8J1b62wOao,Dime | 2003
53,https://www.youtube.com/watch?v=91bKjEojSDU,Bandido | 1990
53,https://www.youtube.com/watch?v=6gltZu8lsFc,No detectat
53,https://www.youtube.com/watch?v=Z8bKE6FCVdU,No detectat
53,https://www.youtube.com/watch?v=7dGysPC_q9k,No detectat
53,https://www.youtube.com/watch?v=2LbhAIsXqt8,No detectat
53,https://www.youtube.com/watch?v=POj0U2W6MnE,No detectat
53,https://www.youtube.com/watch?v=ixJAC7GFrEU,No detectat
53,https://www.youtube.com/watch?v=U0_2dnl7U-8,No detectat
55,https://www.youtube.com/watch?v=vlKHxjyFCjQ,by Rulo y La | Contrabanda
55,https://www.youtube.com/watch?v=WDaRH2o3yi8,ti | 2007
55,https://www.youtube.com/watch?v=QVowR_OpYKE,Mocatriz | 2019
55,https://www.youtube.com/watch?v=FtkZBkcc73o,Cupido | 2023
55,https://www.youtube.com/watch?v=iB_ljVDmlXs,No detectat
55,https://www.youtube.com/watch?v=Y7CgUgX3hZU,No detectat
55,https://www.youtube.com/watch?v=BBGfHp1-zl4,No detectat
55,https://www.youtube.com/watch?v=ZKJGW4l5osI,No detectat
55,https://www.youtube.com/watch?v=gpvAAFp_dfg,No detectat
55,https://www.youtube.com/watch?v=zEf423kYfqk,No detectat
55,https://www.youtube.com/watch?v=4k1fm6YNsg8,No detectat
57,https://www.youtube.com/watch?v=qKp1f7Vn9dM,calles | 2003
57,https://www.youtube.com/watch?v=XUctUGKs1Sc,Al alba | 1978
57,https://www.youtube.com/watch?v=vldYYjCQ7jc,Vete | 1992
57,https://www.youtube.com/watch?v=zMvWTnVlYww,Se Acabó | 1978
57,https://www.youtube.com/watch?v=IpnFR5QeQeA,No detectat
57,https://www.youtube.com/watch?v=ldtfInVG1zY,No detectat
57,https://www.youtube.com/watch?v=8UwQzqNkY-8,No detectat
57,https://www.youtube.com/watch?v=FCGSFlY8IQ4,No detectat
57,https://www.youtube.com/watch?v=JaNglRhWoV0,No detectat
57,https://www.youtube.com/watch?v=av44ve-C2Ag,No detectat
57,https://www.youtube.com/watch?v=_WuWEklrEno,No detectat
59,https://www.youtube.com/watch?v=l3FrBFhZg28,La Mataré | 1987
59,https://www.youtube.com/watch?v=X4lBLXlDpmU,Huesos | 1983
59,https://www.youtube.com/watch?v=7lOEsFE_iPk,Bonito Es | 1992
59,https://www.youtube.com/watch?v=6_2Sd6y4qDs,Sola | 1987
59,https://www.youtube.com/watch?v=u5lI6MFJ4Mo,No detectat
59,https://www.youtube.com/watch?v=IvzEjuxwquE,No detectat
59,https://www.youtube.com/watch?v=A5BIs4_ESBM,No detectat
59,https://www.youtube.com/watch?v=VndF6_hzzeU,No detectat
59,https://www.youtube.com/watch?v=06CLgdyDJhY,No detectat
59,https://www.youtube.com/watch?v=iWq51S7w368,No detectat
59,https://www.youtube.com/watch?v=EI4FQ6GbLQ0,No detectat
61,https://www.youtube.com/watch?v=xoMTCAx4VDM,Qué Dolor | 1992
61,https://www.youtube.com/watch?v=iUTf5xWXFYU,Mala Vida | 1988
61,https://www.youtube.com/watch?v=W5MRwCtddrs,La Bamba | 1987
61,https://www.youtube.com/watch?v=F_xbfIgWMHU,tu lado | 1988
61,https://www.youtube.com/watch?v=rc_JlAbCEeM,No detectat
61,https://www.youtube.com/watch?v=nLAWPrCUQQ0,No detectat
61,https://www.youtube.com/watch?v=TKKJDQilI70,No detectat
61,https://www.youtube.com/watch?v=CKMDB5MG6hc,No detectat
61,https://www.youtube.com/watch?v=XhY1Uz2t8cI,No detectat
61,https://www.youtube.com/watch?v=JkDGP3pjhuw,No detectat
63,https://www.youtube.com/watch?v=Z0T_Blmv0sE,Decidí | 1989
63,https://www.youtube.com/watch?v=o0hfokUH2AQ,Bourbon | 1987
63,https://www.youtube.com/watch?v=rRvTAgpUzzE,Loca | 1989
63,https://www.youtube.com/watch?v=j9PjBhJLTc0,Aire | 1980
63,https://www.youtube.com/watch?v=alJgdP95MS4,No detectat
63,https://www.youtube.com/watch?v=kNd-kSzYhtQ,No detectat
63,https://www.youtube.com/watch?v=VhONov4s3c8,No detectat
63,https://www.youtube.com/watch?v=GrPRnesaK_U,No detectat
63,https://www.youtube.com/watch?v=P8ZVAdjPqCw,No detectat
63,https://www.youtube.com/watch?v=Te-ToMmuYxk,No detectat
63,https://www.youtube.com/watch?v=YMlDlM7lvO0,No detectat
63,https://www.youtube.com/watch?v=uPDinybeh_g,No detectat
65,https://www.youtube.com/watch?v=Fy9u2qZxEV0,Eloise | 1987
65,https://www.youtube.com/watch?v=S3AgdWPlkTg,Alcohol | 1980
65,https://www.youtube.com/watch?v=5MV5Kvz565o,Amigas | 1989
65,https://www.youtube.com/watch?v=NPJzlfxVbXU,La Lola | 1999
65,https://www.youtube.com/watch?v=E1LFNhpgK74,recreo | 1992
65,https://www.youtube.com/watch?v=VhdOwDe-Pgg,No detectat
65,https://www.youtube.com/watch?v=oZPoHbEEmnU,No detectat
65,https://www.youtube.com/watch?v=F1lf6kJzQWM,No detectat
65,https://www.youtube.com/watch?v=JnCPLzz9620,No detectat
65,https://www.youtube.com/watch?v=ccsUjRhpo_U,No detectat
65,https://www.youtube.com/watch?v=KgjfPcjWkyg,No detectat
65,https://www.youtube.com/watch?v=cmmJ1uiRiUM,No detectat
67,https://www.youtube.com/watch?v=UojBaKX5Vz4,Se Fue | 1994
67,https://www.youtube.com/watch?v=JmP89cIGJZM,Conocido | 2024
67,https://www.youtube.com/watch?v=g-GBiuujmL8,Toda | 1993
67,https://www.youtube.com/watch?v=DAIxrSvq6bo,Penélope | 1969
67,https://www.youtube.com/watch?v=sKoK3XnTd3g,by Rodolfo | Chikilicuatre
67,https://www.youtube.com/watch?v=MgsdDfdGdHc,No detectat
67,https://www.youtube.com/watch?v=vpolmSs8LZc,No detectat
67,https://www.youtube.com/watch?v=wfeCIvOxXBo,No detectat
67,https://www.youtube.com/watch?v=KLLXSejOmsc,No detectat
67,https://www.youtube.com/watch?v=hH3hGuSK7PM,No detectat
67,https://www.youtube.com/watch?v=o7TnMCi5A-k,No detectat
67,https://www.youtube.com/watch?v=gaPJ5qodGX8,No detectat
69,https://www.youtube.com/watch?v=eSSZPgpV3xk,Que Hace Una Chica | Como Tu En Un Sitio
69,https://www.youtube.com/watch?v=6BA9-cWsZjs,Violetas | 1974
69,https://www.youtube.com/watch?v=o0z1fTtq0W8,No detectat
69,https://www.youtube.com/watch?v=O0M6wrP1SV4,No detectat
69,https://www.youtube.com/watch?v=Vxj261idkiI,No detectat
69,https://www.youtube.com/watch?v=s_nRGCXDUfQ,No detectat
69,https://www.youtube.com/watch?v=OCrL6MbQs1E,No detectat
69,https://www.youtube.com/watch?v=8AtSHZTwehY,No detectat
69,https://www.youtube.com/watch?v=V4Heh-WkI-w,No detectat
69,https://www.youtube.com/watch?v=sl4GO6pgRas,No detectat
69,https://www.youtube.com/watch?v=F4ES9Lqq2hA,No detectat
69,https://www.youtube.com/watch?v=ILbsDsa7Pg8,No detectat
71,https://www.youtube.com/watch?v=h5x5Ol-agFI,El Límite | 1989
71,https://www.youtube.com/watch?v=7FwBRkE7BWk,La Noche | 1967
71,https://www.youtube.com/watch?v=9sMa2DMAGp4,Cintura | 1966
71,https://www.youtube.com/watch?v=19wUQAiP3mM,Champán | 1996
71,https://www.youtube.com/watch?v=p1gYtnyOGQs,Anduriña | 1968
71,https://www.youtube.com/watch?v=xG_z6AOkh8A,No detectat
71,https://www.youtube.com/watch?v=XvPQRAfDGJU,No detectat
71,https://www.youtube.com/watch?v=TzITcAt9Lw0,No detectat
71,https://www.youtube.com/watch?v=XNxMRKwcLJk,No detectat
71,https://www.youtube.com/watch?v=QeuJKgOskMw,No detectat
71,https://www.youtube.com/watch?v=Py17HTnhLbM,No detectat
71,https://www.youtube.com/watch?v=OavXtKD5ufM,No detectat
73,https://www.youtube.com/watch?v=xkxcYXfS8Tk,Amigo | 1977
73,https://www.youtube.com/watch?v=RSOVVs78wr8,Feos | 1964
73,https://www.youtube.com/watch?v=TQzjT0gcgi8,Resistiré | 1997
73,https://www.youtube.com/watch?v=ay4XUA8JRNY,libertad | 1979
73,https://www.youtube.com/watch?v=3G9UhSDXn2k,El Puente | 1968
73,https://www.youtube.com/watch?v=MxYERoAq-dw,No detectat
73,https://www.youtube.com/watch?v=ShGH_3DFmk4,No detectat
73,https://www.youtube.com/watch?v=EFL1NdCDdlM,No detectat
73,https://www.youtube.com/watch?v=OX7AenK2GFw,No detectat
73,https://www.youtube.com/watch?v=LUtVPJ_QMeE,No detectat
73,https://www.youtube.com/watch?v=URRgBxPuuIw,No detectat
75,https://www.youtube.com/watch?v=qay3sfLVCzk,by Los Tres | Sudamericanos
75,https://www.youtube.com/watch?v=SsiL9guQ8w4,Juntos | 1981
75,https://www.youtube.com/watch?v=TjUhXbGdLYo,Verte | 1992
75,https://www.youtube.com/watch?v=HSpeF-Bu26E,mojado | 1980
75,https://www.youtube.com/watch?v=o2tLprSl14U,No detectat
75,https://www.youtube.com/watch?v=oGOv9K9f17c,No detectat
75,https://www.youtube.com/watch?v=0t5iCwpuD8I,No detectat
75,https://www.youtube.com/watch?v=l_8VJt8NEi8,No detectat
75,https://www.youtube.com/watch?v=K5PoEObhv_Y,No detectat
75,https://www.youtube.com/watch?v=mb494bsrbp0,No detectat
75,https://www.youtube.com/watch?v=QP2mvrGY94g,No detectat
75,https://www.youtube.com/watch?v=VtYHI_7ghnk,No detectat
77,https://www.youtube.com/watch?v=QchEbsBBf2g,primo | 2003
77,https://www.youtube.com/watch?v=7D04EEkIrlc,Danzar | 1987
77,https://www.youtube.com/watch?v=DZ57m9-iA4g,Mi Abuela | 1990
77,https://www.youtube.com/watch?v=39bq4JSOV98,azul | 1978
77,https://www.youtube.com/watch?v=yAF2zPgDzeY,Limones | 1996
77,https://www.youtube.com/watch?v=bEp831gtIzg,No detectat
77,https://www.youtube.com/watch?v=o3QVCx12sIo,No detectat
77,https://www.youtube.com/watch?v=U0D_jlEh8FU,No detectat
77,https://www.youtube.com/watch?v=mmybXAyMYpM,No detectat
77,https://www.youtube.com/watch?v=eUaK9sY-DaQ,No detectat
77,https://www.youtube.com/watch?v=QZy253zyT5U,No detectat
77,https://www.youtube.com/watch?v=dv958EeZXHc,No detectat
79,https://www.youtube.com/watch?v=6UBwtL__280,Las Babys | 2023
79,https://www.youtube.com/watch?v=2Fy8P1MVfsQ,Compra | 2001
79,https://www.youtube.com/watch?v=02d2P0KZWDk,el sol | 2010
79,https://www.youtube.com/watch?v=6P6lcLw_iaQ,Puta Vida | 2011
79,https://www.youtube.com/watch?v=w67-hlaUSIs,Carnaval | 1998
79,https://www.youtube.com/watch?v=wOjzo02Tmck,No detectat
79,https://www.youtube.com/watch?v=0nBFWzpWXuM,No detectat
